iterations,numTrees,numFeatures,falseChurn,falseNotChurn,accuracy,rsme,test_time
10,10,0,0.26696768731480175,0.29129280930115,0.7202,102.93258896313874,3107
10,10,1,0.26260324693819426,0.2910503885685635,0.7222666666666666,103.14044782521752,2857
10,10,2,0.2634848912736515,0.28845668098004545,0.7233333333333334,103.11023863632407,1395
10,10,3,0.2599915266205338,0.2853895693900745,0.7266,103.4218607973774,3124
10,10,4,0.25755847119224184,0.2871807711567351,0.7266666666666667,103.42531812879253,2640
10,10,5,0.26696768731480175,0.29129280930115,0.7202,102.93258896313874,1559
10,10,6,0.26591390261115033,0.2904611497157296,0.7211333333333334,103.08682753900679,3001
